{"accuracy": [0.49356669187545776, 0.5268996953964233, 0.5519503951072693, 0.5776530504226685, 0.5978545546531677, 0.6140320301055908, 0.6469168066978455, 0.6631656289100647, 0.6766027212142944, 0.686586320400238, 0.7047605514526367, 0.7109137177467346, 0.7176373600959778, 0.7208463549613953, 0.7342427372932434, 0.7370238900184631, 0.7400902509689331], "auc_roc": [0.5888947248458862, 0.6477537751197815, 0.6746739745140076, 0.6972578763961792, 0.717832624912262, 0.7354516386985779, 0.7707047462463379, 0.7878357172012329, 0.8030397295951843, 0.8139558434486389, 0.8341240882873535, 0.842915952205658, 0.8492830395698547, 0.8549619913101196, 0.86580890417099, 0.8690416812896729, 0.8723029494285583], "loss": [0.6752274036407471, 0.6487871408462524, 0.6336499452590942, 0.6185961961746216, 0.6036579608917236, 0.5882634520530701, 0.5562143921852112, 0.5391441583633423, 0.5227833390235901, 0.5095476508140564, 0.4830094277858734, 0.4713784158229828, 0.4624251425266266, 0.45385944843292236, 0.43816810846328735, 0.43341776728630066, 0.4276162385940552], "precision": [0.8382677435874939, 0.8728445172309875, 0.8830992579460144, 0.8889154195785522, 0.8933494091033936, 0.8992971777915955, 0.9106768369674683, 0.9148417711257935, 0.9196611046791077, 0.923429548740387, 0.9294688105583191, 0.9329582452774048, 0.9346747994422913, 0.937014102935791, 0.9406340718269348, 0.9418497085571289, 0.9419523477554321], "recall": [0.44237932562828064, 0.4674452841281891, 0.4969346523284912, 0.5300196409225464, 0.5557840466499329, 0.5742796063423157, 0.6117233037948608, 0.6310983300209045, 0.6458300948143005, 0.6565264463424683, 0.6764964461326599, 0.6819804310798645, 0.6897149085998535, 0.6921077370643616, 0.7072274684906006, 0.7099565267562866, 0.7140178084373474], "val_accuracy": [0.5674262642860413, 0.5892060399055481, 0.5333173274993896, 0.5674741864204407, 0.5954905152320862, 0.5925641655921936, 0.6144399046897888, 0.6317582130432129, 0.6345886588096619, 0.642168402671814, 0.6188534498214722, 0.6332454085350037, 0.6366994380950928, 0.6327176690101624, 0.6303189992904663, 0.6368433833122253, 0.6451907157897949], "val_auc_roc": [0.6241424679756165, 0.6504042744636536, 0.6657321453094482, 0.678167462348938, 0.6838899254798889, 0.6808618903160095, 0.6873311996459961, 0.681812047958374, 0.6785974502563477, 0.6818193793296814, 0.6798338294029236, 0.6732243895530701, 0.6786062717437744, 0.6751129627227783, 0.6727939248085022, 0.6713024973869324, 0.6732052564620972], "val_loss": [0.6326369047164917, 0.6179216504096985, 0.6580210328102112, 0.6456020474433899, 0.6256236433982849, 0.6463907957077026, 0.6484689116477966, 0.654508650302887, 0.677749752998352, 0.6738719940185547, 0.7282342314720154, 0.7233906984329224, 0.7258578538894653, 0.7342233657836914, 0.7727563381195068, 0.7806286811828613, 0.7723098397254944], "val_precision": [0.8424270749092102, 0.8526354432106018, 0.8808999061584473, 0.8776844143867493, 0.8671458959579468, 0.868391215801239, 0.8683553338050842, 0.8615281581878662, 0.856849193572998, 0.856889009475708, 0.8619972467422485, 0.8564013838768005, 0.8593672513961792, 0.8569775819778442, 0.8575709462165833, 0.8561750054359436, 0.85606849193573], "val_recall": [0.5494876503944397, 0.5737252235412598, 0.46609804034233093, 0.5191139578819275, 0.5699208378791809, 0.5643983483314514, 0.5974105596542358, 0.6303000450134277, 0.6394428610801697, 0.6510400772094727, 0.6101736426353455, 0.6378474831581116, 0.6400564312934875, 0.6364361643791199, 0.6321408748626709, 0.6436153650283813, 0.6565625667572021], "learning_rate": [0.0010000000474974513, 0.0010000000474974513, 0.0010000000474974513, 0.0010000000474974513, 0.0010000000474974513, 0.0010000000474974513, 0.0005000000237487257, 0.0005000000237487257, 0.0005000000237487257, 0.0005000000237487257, 0.0002500000118743628, 0.0002500000118743628, 0.0002500000118743628, 0.0002500000118743628, 0.0001250000059371814, 0.0001250000059371814, 0.0001250000059371814]}